,terminal_states_found,correct_terminal_states
0,0.36363636363636365,0.9090909090909091
