,terminal_states_found,correct_terminal_states
0,0.2727272727272727,0.8181818181818182
