,terminal_states_found,correct_terminal_states
0,0.23076923076923078,0.38461538461538464
