,terminal_states_found,correct_terminal_states
0,0.38461538461538464,0.38461538461538464
