,terminal_states_found,correct_terminal_states
0,0.36363636363636365,0.8181818181818182
