,terminal_states_found,correct_terminal_states
0,0.15384615384615385,0.23076923076923078
