,terminal_states_found,correct_terminal_states
0,0.3076923076923077,0.5384615384615384
